Date,Close,High,Low,Open,Volume,Sentiment
2024-01-02,138.902099609375,139.95213414491474,137.0906871446073,138.9419195505414,20071900,0.0
2024-01-03,139.69833374023438,140.4248882168035,137.77742399819624,137.94663597072886,18974300,0.0
2024-01-04,137.38926696777344,139.97203524387632,137.35940960398045,139.19074730881516,18253300,0.0
2024-01-05,136.74232482910156,138.15562893957002,136.2048771424727,137.69979542310543,15433200,0.0
2024-01-08,139.86752319335938,139.9770052473925,137.23002169191204,137.34945113745462,17645300,0.0
2024-01-09,141.88795471191406,142.12682879389962,139.13100853140358,139.39973997528017,19579700,0.0
2024-01-10,143.1221160888672,143.8436892574364,141.78843662182845,141.8481513461947,16641900,0.0
2024-01-11,142.99270629882812,145.9686162505574,141.54456366540506,144.21193745499684,17471100,0.0
2024-01-12,143.56004333496094,144.05768628375355,142.68418688529152,143.65956281260492,13995200,0.0
2024-01-16,143.4008026123047,145.1525004306422,142.3816277261754,142.75385762766444,19198900,0.0
2024-01-17,142.21640014648438,142.7339530613565,139.84761486962495,142.23631011659492,17884500,0.0
2024-01-18,144.30650329589844,144.89869960159834,142.67423508180605,142.76380716497314,18876800,0.0
2024-01-19,147.2724609375,147.3421230557462,145.11269228213737,145.61530135197785,27170900,0.0
2024-01-22,147.013671875,149.30779834923413,146.8842798614923,148.0089576727983,21829200,0.0
2024-01-23,147.97909545898438,148.15825481226227,146.49612923631082,147.02362953102596,14113600,0.0
2024-01-24,149.6412353515625,150.85548531754347,149.133629842608,149.5815054429125,19245000,0.0
2024-01-25,152.9157257080078,154.03044106087503,150.50713564235818,151.02468856484268,21495100,0.0
2024-01-26,153.0650177001953,153.3835164900002,152.07969434131007,152.14935645979352,19494500,0.0
2024-01-29,154.1100616455078,154.46836516892455,152.19911458290434,152.9157216297378,20909300,0.0
2024-01-30,152.32852172851562,154.30913110200262,152.05480897288476,153.2839877612383,26578900,0.0
2024-01-31,141.1315460205078,144.90367296245176,140.8827245413415,144.70461881649027,43908600,0.0
2024-02-01,142.03726196289062,143.93824654999406,141.5893711442408,143.012637923415,25526900,0.0
2024-02-02,142.8633270263672,143.20173576400992,137.51864676692574,140.22582554692482,42116900,0.0
2024-02-05,144.2467803955078,145.97858335516779,143.2315996965748,143.36097653848321,29254400,0.0
2024-02-06,144.7245330810547,146.04826521191697,143.8387291964155,145.27194338883356,21517700,0.0
2024-02-07,145.988525390625,146.30702416148435,144.52546912091884,145.4311677284784,21436100,0.0
2024-02-08,146.5260009765625,146.9141618954231,145.72976916722166,146.27717948532216,18241300,0.0
2024-02-09,149.5118408203125,149.98460767133366,146.73498480868986,147.25253770030403,21877700,0.0
2024-02-12,148.02886962890625,149.88010203507002,147.85967284607264,148.83504878876087,17236100,0.0
2024-02-13,145.67999267578125,147.34211831038104,144.42593790601492,145.38141905454472,18138500,0.0
2024-02-14,146.44635009765625,147.1330997206111,144.86881544298058,146.67526157635592,16651800,0.0
2024-02-15,143.26144409179688,144.07757057119647,141.21115772203078,143.7789969731579,26724300,0.0
2024-02-16,141.0917205810547,143.79889938383792,140.85286168995205,143.53018313134746,21849700,0.0
2024-02-20,141.52964782714844,142.65332338866605,140.13625368240938,140.27559309688328,18625600,0.0
2024-02-21,143.1619110107422,143.30125042031312,141.24101663688162,141.9675710448689,16499600,0.0
2024-02-22,144.63494873046875,145.5107899618142,143.33111149451477,145.43116527044518,23024700,0.0
2024-02-23,144.60508728027344,145.2669609338235,144.10744431116856,144.28660367721258,14519400,0.0
2024-02-26,138.0959014892578,143.16190244679314,138.08595409876088,142.7737416014327,33513000,0.0
2024-02-27,139.43955993652344,139.82772082802197,137.847096430097,138.75281023921275,22364000,0.0
2024-02-28,136.78213500976562,138.62342001381086,135.9958658248756,138.444275840111,30628700,0.0
2024-02-29,139.12106323242188,139.29026001463518,136.92148987679116,137.69781167134997,35485000,0.0
2024-03-01,137.4290771484375,139.3400242297367,137.32457638258526,138.95186334114246,28522000,0.0
2024-03-04,133.56736755371094,135.9859202387782,132.23368806448792,135.89633296388092,43571500,0.0
2024-03-05,133.1493377685547,133.38821183618217,130.92985460920454,132.1142471825488,28447600,0.0
2024-03-06,131.93508911132812,134.10482014941,131.32796413873504,133.60717722718147,23175200,0.0
2024-03-07,134.6024627685547,135.17973037946277,132.0346234732147,133.25882080682047,24107300,0.0
2024-03-08,135.6475067138672,138.32980946619315,134.16454046339086,134.39843325406335,26472400,0.0
2024-03-11,138.28501892089844,139.32010952636415,136.42383923457078,136.42383923457078,22536400,0.0
2024-03-12,138.96180725097656,139.61869956501798,137.55846572697882,137.59827047925845,19019700,0.0
2024-03-13,140.1063995361328,141.51970368304296,139.34997253718265,139.39973986924898,19637000,0.0
2024-03-14,143.6595458984375,144.0477067453202,140.81800924770826,141.62916958863315,36117900,0.0
2024-03-15,141.49978637695312,143.659554832315,140.46469578318113,142.73394628866993,41025900,0.0
2024-03-18,147.78004455566406,152.20906372462022,147.44165099822862,148.6658483894553,47676700,0.0
2024-03-19,147.22268676757812,148.91466974023234,146.31697296442448,148.2776873792264,17748400,0.0
2024-03-20,148.97438049316406,149.05400518452484,146.9688800892644,148.08857668370393,17730000,0.0
2024-03-21,148.03883361816406,150.5917292530754,147.31226396001364,149.6113871985433,19843900,0.0
2024-03-22,151.05453491210938,151.84080403684533,149.38244681787967,149.5317488047315,19226300,0.0
2024-03-25,150.4374542236328,150.74201145898448,148.09854152495535,150.2384000856177,15114700,0.0
2024-03-26,150.98486328125,152.4777920846642,150.3180235714812,150.52704028617632,19312700,0.0
2024-03-27,151.22373962402344,151.9702040369206,149.4222746041288,151.4277750526382,16622000,0.0
2024-03-28,151.54222106933594,151.95029192080196,150.61661250010812,151.28345221045504,21105600,0.0
2024-04-01,155.7622528076172,156.25989578783322,150.9351098247783,151.1142691948225,24469800,0.0
2024-04-02,155.1352081298828,155.25465276475865,152.7365806566567,154.02049278342562,17598100,0.0
2024-04-03,155.63284301757812,155.8120023671829,153.40540191838465,154.18968157696656,17266200,0.0
2024-04-04,151.22373962402344,155.44374205201333,151.16402490088885,154.34893669187858,24184800,0.0
2024-04-05,153.2143096923828,154.1100609031813,150.36877863435,150.96495390021258,16289800,0.0
2024-04-08,155.4039306640625,155.91650226489386,153.26407217985934,153.2889482511509,16641500,0.0
2024-04-09,157.39450073242188,159.1362509369547,155.90157198567948,156.6082316080211,21538100,0.0
2024-04-10,156.91677856445312,157.4144215142172,155.4636544689247,157.1357426772979,16339200,0.0
2024-04-11,160.03201293945312,160.36045910838484,157.18549466223584,157.59356552547138,17841700,0.0
2024-04-12,158.43955993652344,160.93772200076836,157.8523449185831,158.65354275354042,16968200,0.0
2024-04-15,155.59304809570312,160.0718346896375,155.41388873477973,159.5244244018962,21140900,0.0
2024-04-16,155.2646026611328,156.4888000836408,154.31908407973467,154.9062991244405,15413200,0.0
2024-04-17,156.1404571533203,157.9329619598977,155.39895882932524,156.44899335301892,16237800,0.0
2024-04-18,156.71771240234375,157.73787429637503,155.47360512335126,156.18523084208942,14016100,0.0
2024-04-19,154.98593139648438,157.2452347851526,153.18446623308236,157.00636068672782,20063900,0.0
2024-04-22,157.20538330078125,158.4345618261258,154.92618558467942,155.27452648977632,17243900,0.0
2024-04-23,159.16612243652344,159.72348012158997,157.2203366413251,157.84239034106147,16115400,0.0
2024-04-24,160.34054565429688,160.62917184903918,158.0712952848792,158.34001151164955,19485700,0.0
2024-04-25,157.20538330078125,157.53382942514497,152.0478208576874,152.63702529135549,36197800,0.0
2024-04-26,172.8712158203125,175.58834216017274,170.59200253322018,175.16037649944792,56500800,0.0
2024-04-29,167.10848999023438,170.5720957211152,166.27245351182466,169.96497073841974,35914600,0.0
2024-04-30,163.86386108398438,169.06920180643567,163.72452167301353,166.59094976939298,29420800,0.0
2024-05-01,164.78948974609375,168.01420626410095,164.12263484487258,165.39659955094953,25223200,0.0
2024-05-02,167.66587829589844,167.73554041543014,164.90893195424,165.88430793569268,17041100,0.0
2024-05-03,168.19337463378906,169.04932114032962,164.20226833832118,168.74076974533335,22767100,0.0
2024-05-06,169.02938842773438,169.09905053623592,167.09853155507523,168.42226348516482,15147900,0.0
2024-05-07,172.16453552246094,172.65223103765175,169.19858805476193,169.31801749241833,21102400,0.0
2024-05-08,170.35313415527344,171.09859622958308,169.71814128050192,169.94506330132936,14569900,0.0
2024-05-09,170.77114868164062,171.62709512370475,169.12891791013897,170.3431678671801,11937700,0.0
2024-05-10,169.48721313476562,170.53226626790192,167.11844324476036,168.890050763585,18740500,0.0
2024-05-13,170.0943603515625,170.14412768572356,164.9785912490824,165.06518671425982,19648600,0.0
2024-05-14,171.11949157714844,171.96549063762274,169.61661538741166,170.78109802770155,18729500,0.0
2024-05-15,173.060302734375,173.2255205444955,171.21901789802692,171.48774932095938,20958200,0.0
2024-05-16,174.60301208496094,175.5087259711052,173.229527760386,173.77693808645444,17247300,0.0
2024-05-17,176.45423889160156,176.65827433319447,174.15513078353555,174.7224510631146,16546400,0.0
2024-05-20,177.6187286376953,179.1016949111226,176.3895499420499,176.47414073902465,17495100,0.0
2024-05-21,178.69361877441406,178.97231279047915,176.474135532202,177.55899348782262,14706000,0.0
2024-05-22,177.160888671875,178.00887723264987,175.94663866940007,177.55899695369803,16189400,0.0
2024-05-23,174.2347412109375,179.06188373408688,173.71718830847908,177.93720584610716,14928400,5.0477
2024-05-24,175.49876403808594,176.4681715297921,174.37408611469655,175.6878707884106,11400600,7.8217
2024-05-28,177.18080139160156,177.6684817663742,174.85182082753647,174.91155073890857,15655300,7.8998
2024-05-29,176.56370544433594,177.3897945303486,175.42908017169887,175.976490431931,15023800,7.1294
2024-05-30,172.74180603027344,175.85705553445754,172.41335988432073,175.85705553445754,18844000,0.0
2024-05-31,173.13992309570312,173.59774605548205,170.16401310971617,172.58255029510445,28085200,0.0
2024-06-03,173.59776306152344,175.03097717260903,171.63704864383791,173.06031536329505,20742800,0.0
2024-06-04,174.30442810058594,174.36414282591306,172.40342834776362,173.62762577754341,14066600,0.0
2024-06-05,176.2352752685547,177.13102647161713,174.46365245832024,175.70279368634698,15233900,0.0
2024-06-06,177.50924682617188,177.86755035862805,176.37462150453698,176.59357043122796,14255800,0.0
2024-06-07,175.12054443359375,178.5741875907091,174.9612950507807,177.61872166754497,14716300,0.0
2024-06-10,175.99740600585938,177.830812412341,173.7554643619359,175.81804276819278,17122200,0.0
2024-06-11,177.5518035888672,177.75108423529036,174.81165288916708,177.08348570749644,14402400,0.0
2024-06-12,178.91690063476562,181.42787947273285,177.14327694877989,179.10622257947298,18600400,0.0
2024-06-13,176.10699462890625,177.87064426133762,176.0272793318939,177.2030457535148,15956900,0.0
2024-06-14,177.73117065429688,178.08988193795201,175.22219861523934,175.22219861523934,12361600,0.0
2024-06-17,178.1396942138672,179.27561067019667,175.85790258992213,176.3461379133103,15272900,0.0
2024-06-18,175.8180389404297,178.26923510757547,174.99100977195764,178.14965455035454,15640300,0.0
2024-06-20,177.07354736328125,178.09985725433654,175.82802417470535,176.0771288124205,16753200,0.0
2024-06-21,179.61439514160156,181.85832853145462,177.42227746039913,177.8507453258578,59728000,0.0
2024-06-24,180.14248657226562,181.4278748991179,179.58449466770367,180.6307370908269,18198300,1.3204
2024-06-25,184.91534423828125,185.08473355620472,180.45636543703452,180.49623069074562,18917700,4.6414
2024-06-26,184.70606994628906,185.26406180555398,183.33102292285417,183.5402622680096,13375700,6.3174
2024-06-27,186.1907501220703,186.82845731487285,184.78579647406917,184.98010536766324,13025700,5.4123
2024-06-28,182.76307678222656,185.9117628453365,182.6684158097748,185.05484233965822,23032400,3.7551
2024-07-01,183.82923889160156,184.67618542202868,182.07553275022136,183.8192649768011,11815900,2.9247
2024-07-02,185.941650390625,186.2804290197841,182.4043617984991,182.8128970182058,12555500,4.0839
2024-07-03,186.71885681152344,186.94802880286505,184.72103291035663,185.63276432631835,7409100,0.7709999999999999
2024-07-05,191.27249145507812,191.5714048253656,186.6491104769195,186.6491104769195,14303400,4.128
2024-07-08,189.79779052734375,190.99250141053892,188.6419566291613,190.67963062540326,12097600,3.0685
2024-07-09,189.7579345703125,192.16926542683404,189.54868000321284,191.06324032448242,10198500,3.2894
2024-07-10,191.96998596191406,192.61765188536268,189.9372837700379,190.06682303638334,12052900,0.0251
2024-07-11,186.62918090820312,191.7208798554092,186.15090430376924,190.65470480345505,16452000,0.6987000000000001
2024-07-12,186.1110382080078,188.01420111013582,185.4733310036047,186.25053618384166,14449100,0.9036
2024-07-15,187.5159912109375,189.21985825223288,185.82208288068784,185.82208288068784,12186000,0.0
2024-07-16,184.8356170654297,189.65827857329185,184.45697320018698,188.28323149134974,12760100,0.0
2024-07-17,181.9659423828125,184.5665952870992,180.96952387855154,184.0185620689277,17376600,0.0
2024-07-18,178.578125,183.39082818525517,177.57174778728617,182.88264501899772,17877200,0.0
2024-07-19,178.74749755859375,181.31825887509234,178.21939701881587,179.7239833410327,14485900,0.0
2024-07-22,182.69332885742188,183.63992334392967,181.2485099418617,181.69691040759497,16303900,0.0
2024-07-23,182.9424285888672,184.55662156919473,182.6733913574331,183.18155927979657,23772600,0.0
2024-07-24,173.7454833984375,177.31266333834552,172.94836078735528,174.7618344929483,31250700,-3.1879
2024-07-25,168.55413818359375,174.57249855802573,168.4445315527349,173.62590413013808,28967900,-1.0211
2024-07-26,168.07586669921875,169.23171581795833,165.27096136954532,168.1655559201212,25150100,9.5951
2024-07-29,170.51708984375,171.54339960461624,169.1121362162633,169.8893413710137,13768900,0.0
2024-07-30,171.24447631835938,172.33056878553097,169.51070273282616,171.2145849810346,13681400,0.0
2024-07-31,172.52984619140625,175.27997080668484,171.10497512525495,174.29351108109944,15650200,0.0
2024-08-01,171.8323516845703,175.05077889023,169.89929753739804,171.36403381575482,17177800,0.0
2024-08-02,167.79685974121094,169.60038989475044,165.7940641440123,167.58762038247167,18907800,0.0
2024-08-05,160.06466674804688,165.3456878229132,156.0391427100353,156.8063740057358,34907800,0.0
2024-08-06,159.9650115966797,161.76854176630374,157.56365468246898,160.36857505755367,36146500,-0.1912999999999999
2024-08-07,160.1742706298828,164.19979459850455,159.66610267866855,162.65535811810648,19334200,2.3876
2024-08-08,163.25318908691406,164.90724730098054,161.4496741925987,161.7625449521268,15733600,5.2049
2024-08-09,164.7976531982422,164.92719246706665,160.35362004988897,161.06607082428397,13549200,4.5416
2024-08-12,163.36280822753906,166.10295907223568,162.96424691360264,165.40048221300762,12435000,7.286399999999999
2024-08-13,165.335693359375,165.94350917516414,164.17985960166163,164.5933665366997,12717600,0.0
2024-08-14,161.44967651367188,164.36919041099168,158.9586304461226,163.62187659072688,22515900,0.0
2024-08-15,162.58560180664062,162.93435435683165,160.9116260556583,161.62904857869057,18392500,0.0
2024-08-16,164.1499786376953,166.35205486717328,162.49592038476501,162.82474029317686,16853100,0.0
2024-08-19,167.79685974121094,167.8666163302166,165.49513557024594,166.40188000248637,13100800,0.0
2024-08-20,168.35487365722656,169.79967741743286,168.05594507135712,168.1356603745316,12622500,0.4957
2024-08-21,167.0296173095703,168.03599439629477,165.9734162631958,166.39191015680808,15269600,2.1313000000000004
2024-08-22,164.8972930908203,168.81321026159983,164.43893391865004,168.43456638911738,19123800,5.7524
2024-08-23,166.830322265625,167.34846408100543,165.06667267788774,165.95348442898648,14281600,-0.1001
2024-08-26,167.3285369873047,168.7733558511077,165.72431793652402,167.55273721213987,11990300,4.9679
2024-08-27,165.78411865234375,167.6424294663076,165.56490536104474,167.0097091779591,13718200,2.7186
2024-08-28,163.91082763671875,166.79047621925304,162.69519596618224,166.18266038398477,15208700,0.0
2024-08-29,162.8147735595703,167.02963467718953,161.40185288464895,165.46525036551398,17133800,0.0
2024-08-30,164.51864624023438,164.68803554745267,162.8247379639128,163.63183445295118,18498800,0.0
2024-09-03,158.04193115234375,162.794851421707,157.2896303563664,162.73008178971705,26533100,0.0
2024-09-04,157.2447967529297,159.82551694837377,156.87612678333463,157.5088470400444,17410700,0.0
2024-09-05,158.03196716308594,160.43831095253145,156.95583344724037,157.2148967624086,14139500,-1.7069
2024-09-06,151.58514404296875,158.64974722214538,151.39083514674604,158.1216466586556,24999100,0.8634
2024-09-09,149.2005615234375,154.28899143236174,147.86360676197722,153.28128945081107,28057700,4.776800000000001
2024-09-10,149.66949462890625,151.95430520263582,149.20355939783312,151.10622848372844,20401800,1.9936
2024-09-11,151.80462646484375,152.13387922005617,148.36246071366355,150.74703500975997,18991500,2.4014
2024-09-12,155.1869354248047,155.25678384046466,153.15157268835566,154.4585967034471,21024100,-0.128
2024-09-13,158.01051330566406,158.91345784103444,155.755648728388,156.0070756210139,16733900,0.0
2024-09-16,158.62911987304688,158.8785524071565,157.25224741303262,157.9706143292006,14157600,0.0
2024-09-17,159.9161834716797,161.22320750164613,159.0481631332768,159.7266123117633,12064800,0.0
2024-09-18,160.44497680664062,161.26312280572637,159.29759326798978,160.48489453662953,16756500,0.0
2024-09-19,162.86947631835938,164.6155040932057,162.15310375152245,164.4458917934048,17548200,0.0
2024-09-20,164.2662811279297,164.37603204660826,162.8095885003916,164.14655838906322,46362700,0.0
2024-09-23,162.69985961914062,166.23181758098326,162.58012165110702,164.96469605302332,15648400,0.0
2024-09-24,163.2685546875,164.176492741931,161.6622086004887,163.87717066392423,18774100,0.0
2024-09-25,162.6200408935547,163.84424554390736,162.40551734323734,162.60008202800464,13607900,0.0
2024-09-26,163.4581298828125,165.12433738176023,163.1288771112858,164.65540300026643,18234500,0.0
2024-09-27,164.91481018066406,166.59100475314528,163.4581326837826,163.5379529228678,13604300,0.0
2024-09-30,166.8105010986328,166.9801133920327,164.26628624932783,164.40596785707794,14070100,0.0
2024-10-01,168.03770446777344,170.05312356675083,165.5234203103271,168.47670815509065,18629500,0.0
2024-10-02,166.9302215576172,168.49666513124245,165.87263008138385,167.37919706037525,12745000,0.0
2024-10-03,166.83045959472656,167.52886763193206,164.994624608732,165.4436153407923,11004300,0.0
2024-10-04,168.17738342285156,169.1651417037373,166.58102439541923,168.95561168385737,11422100,0.0
2024-10-07,164.016845703125,169.51433291164238,163.7574413654542,168.7560635386529,14034700,0.8506
2024-10-08,165.32386779785156,165.72296895610333,163.9370236242508,165.0544764190507,11723900,10.4923
2024-10-09,162.6898651123047,165.8825983372775,160.75426631287192,164.48078878674917,19666400,6.5844000000000005
2024-10-10,162.80958557128906,163.93803021658485,161.27308796158508,161.7420223125794,12900500,5.7683
2024-10-11,164.1465606689453,164.89485824555993,162.1311415998337,162.95925941151893,10946000,0.5301
2024-10-14,165.972412109375,167.23951840464235,164.40596850811767,164.53567829588263,9981800,0.0
2024-10-15,166.52114868164062,168.70618005069358,165.67308722562564,166.7606093878907,14829300,0.0
2024-10-16,166.3615264892578,166.90029405802036,164.8409837085831,165.65313140202477,9968500,0.0
2024-10-17,164.13656616210938,167.54880112943871,163.99688456312464,167.00006177752527,15113400,0.0
2024-10-18,164.67535400390625,165.99234980298428,164.3760319327944,164.49575467157797,13091300,3.1438
2024-10-21,165.4236602783203,165.8427051102763,163.93204336640198,164.20642828942988,11384000,6.1601
2024-10-22,166.44134521484375,167.08986370041146,164.29621633151714,164.32614701705697,11958600,6.62
2024-10-23,164.1066436767578,167.2195719618869,163.26156615464373,166.05221433986773,12754300,0.3849
2024-10-24,164.1565399169922,164.67536385635017,162.40054033844325,164.21640128996543,12764400,4.267
2024-10-25,166.61094665527344,167.0200044057247,164.85493202249762,164.98963532280627,14566400,6.5678
2024-10-28,167.9578857421875,170.21874866254464,165.41367087628183,170.20277852548895,20858300,0.0
2024-10-29,170.7515411376953,171.46990807993288,168.27717457229605,169.00051981297196,28916100,0.0
2024-10-30,175.7401885986328,183.37281818194802,175.34608092530422,181.9959609227769,49698300,0.0
2024-10-31,172.2980194091797,178.0150088186449,172.1683096199305,174.32341036482913,32801900,0.1779
2024-11-01,172.2581024169922,173.42546007693375,169.92341754541656,171.15062135368265,21752900,6.663600000000001
2024-11-04,170.29257202148438,171.52976286876077,169.1002924275085,170.85131368500362,16194000,4.1725
2024-11-05,171.02093505859375,171.70637216526382,169.98328713827703,170.44224972306222,12518300,6.1266
2024-11-06,177.92520141601562,178.23449529525598,174.64266103018528,174.951970133578,27061500,11.1354
2024-11-07,181.86624145507812,182.16556352998285,178.48393702420717,178.70343886419374,16730400,5.7731
2024-11-08,179.4517364501953,181.93608988065503,179.16240141973364,181.58687825588632,15021500,2.4126000000000003
2024-11-11,181.55694580078125,181.67169024189303,179.58144448419563,179.6612647183404,12503400,0.0
2024-11-12,182.9038848876953,183.60727119420463,180.57917198310966,180.96828610388522,14065800,0.0
2024-11-13,180.08030700683594,182.20048341961808,179.7111365260688,181.73652736364141,13969700,0.0
2024-11-14,176.94744873046875,180.03542477204525,175.6304376208683,179.34199500809183,17925800,0.0
2024-11-15,173.49530029296875,175.48078883073978,172.35289497475256,175.24132810697984,21708900,0.0
2024-11-18,176.39869689941406,176.50844782695492,174.0240942257961,174.55788351993363,18725400,3.0246
2024-11-19,179.17237854003906,179.7610356628362,174.7185067341715,174.8372399080373,15392900,7.0086
2024-11-20,176.92747497558594,178.7034332806034,174.93201483744025,178.42407007919522,15729800,5.3231
2024-11-21,168.85585021972656,175.18145549789298,164.93476294944196,175.05673923346154,38839400,2.3369
2024-11-22,166.19192504882812,167.88306980424588,165.33387647649843,166.780582207106,24497000,4.846
2024-11-25,169.04539489746094,170.07307085416926,167.0200041158874,167.60867641516356,21395700,-1.2147
2024-11-26,170.23269653320312,171.10571032835793,169.0453953359282,169.10527192731251,14937500,0.0
2024-11-27,170.43226623535156,170.75153195687213,169.2848674640083,170.29256940350413,12433400,0.0
2024-11-29,170.10301208496094,170.48213917467183,168.36695621133114,169.67398022072197,9250700,-0.6216999999999999
2024-12-02,172.58734130859375,173.20594429747393,169.88350137476908,169.93339092253962,16593400,-1.0418000000000005
2024-12-03,172.62725830078125,173.92431041652506,172.11840622950385,172.72702217174466,15721500,1.9275
2024-12-04,175.69029235839844,176.02951694382102,172.3578774269222,172.38780811245044,18239800,3.2645
2024-12-05,173.91432189941406,177.30661319063742,173.6149998407543,176.91749908162544,16145500,2.7822
2024-12-06,176.0894012451172,176.4376080962673,173.15607214175068,173.4853249211239,13319500,1.8313
2024-12-09,176.89846801757812,177.83738550391604,175.20039040791823,175.51503437960727,19887800,5.1919
2024-12-10,186.31773376464844,187.8160268138949,182.46212570826387,184.32500888640666,34317400,2.0209
2024-12-11,196.4861602783203,196.66594813117683,186.04803967773574,186.4875414177299,41664500,0.0
2024-12-12,193.40965270996094,196.48115029218562,193.06004491560958,196.0766124040666,25197800,0.0
2024-12-13,191.16221618652344,194.11883919838084,191.0423423812578,192.490704487651,18883200,0.0
2024-12-16,197.93450927734375,200.41168291616427,193.88911488994594,194.14382959225733,32248600,1.7652
2024-12-17,196.8956756591797,202.64913062417182,196.46617230830898,198.30407475927043,24129500,2.7956000000000003
2024-12-18,189.93360900878906,198.46389928471683,189.0646039194836,196.60601529827326,27638400,5.4373000000000005
2024-12-19,189.484130859375,194.37856412730645,189.30434300339118,193.06005888438943,26981200,5.2634
2024-12-20,192.74041748046875,193.91406813278797,186.1579053424554,186.7971764103249,45319700,5.4196
2024-12-23,195.7669677734375,196.26639877064787,191.411928868106,193.80919155814604,15235900,4.3904
2024-12-24,197.34518432617188,197.44506138722352,194.97587425527323,195.94676829861982,6809800,1.2399
2024-12-26,196.87571716308594,197.93450850289778,195.6471058614473,196.5161262135814,7907900,0.0
2024-12-27,193.81918334960938,196.5760523318792,191.75354348102763,196.24642603002408,14693000,0.0
2024-12-30,192.47073364257812,193.55948963491522,190.14338320337714,190.64781342319387,12209500,0.0
2024-12-31,190.22328186035156,193.03008164381478,189.36425993005457,192.2260050490995,14355200,0.0
2025-01-02,190.41307067871094,192.9801381301293,188.49525744007033,191.26709343340778,17545200,0.0
2025-01-03,192.9102325439453,194.27866867483587,191.13225931471843,192.5056946331138,12875000,0.0
2025-01-06,197.7347412109375,199.33291137103032,194.83803207586362,194.92792600382484,19483300,0.0
2025-01-07,196.4861602783203,201.909973886113,195.7170322333306,198.04438263544472,16966800,0.0
2025-01-08,195.1676483154297,197.41508784704052,193.52951522204586,193.72928457657076,14335300,0.0
2025-01-10,192.95018005371094,197.39511312065048,191.38197456331892,195.19761966253236,20753800,2.746
2025-01-13,192.0711669921875,192.27095158503425,188.4453083016719,191.13224951636064,13169100,0.6841999999999999
2025-01-14,190.8325958251953,193.050070773715,189.42419669059564,192.28094273517524,13651200,0.0752999999999999
2025-01-15,196.75584411621094,197.57491832048342,193.11000369739423,194.12884726518368,12894900,2.6662
2025-01-16,194.1887664794922,196.75583391247915,194.0788910490422,195.60214951346643,13449600,2.5363
2025-01-17,197.3251953125,198.58375597214695,195.0877388983694,197.82462632303964,22109100,0.0295999999999999
2025-01-21,199.40283203125,203.6080326445683,199.21304580682195,200.28182025394423,19005200,1.8055
2025-01-22,199.8023681640625,201.88998612293432,198.9733108604717,200.32178068082086,15477400,3.6421
2025-01-23,199.35289001464844,201.71020506522237,196.59603624015026,199.75242873857272,15170800,1.0893
2025-01-24,201.6702423095703,202.33949329722083,199.5566528889042,199.6225872950207,12732400,1.0282
2025-01-27,193.54949951171875,198.44391735433535,192.48070982544095,193.96901973467803,24970200,-0.7578
2025-01-28,196.8457489013672,197.00555524376668,192.39081751116362,194.42848935993928,15939200,2.1386
2025-01-29,196.9556121826172,198.2341696318412,194.96788645279017,197.14539841120728,12287800,1.7534
2025-01-30,202.3994140625,203.00672387191645,199.24500307805343,199.53266972822976,14571500,3.4404000000000003
2025-01-31,205.3660430908203,206.8443546537246,203.34833748699367,203.48317837651163,17087300,0.4376
2025-02-03,202.40939331054688,204.9864590771122,201.43051282665638,201.98487391595285,16719500,-0.3581000000000001
2025-02-04,207.4736328125,208.46249643839946,204.02754671792735,204.2672790849399,28285400,1.9605
2025-02-05,193.0800323486328,194.32860987902825,189.69389069585742,192.88026299205453,43666400,3.4683
2025-02-06,193.0900115966797,193.60942410647172,190.2732286703268,190.77265967243562,20816600,0.6469
2025-02-07,186.92703247070312,192.79534667048466,184.88936071436743,192.52066571940506,29565700,0.4807000000000002
2025-02-10,187.98582458496094,189.77379609286592,187.39649966530655,188.84484651111416,16606000,2.3303000000000003
2025-02-11,186.8571319580078,188.58515904568145,185.86825303657443,186.62239876540912,13028100,2.7617
2025-02-12,185.21897888183594,186.61739486850084,183.42103942122037,185.0192095241481,17632300,0.3298000000000001
2025-02-13,187.66619873046875,187.77607416088287,184.66961270981918,185.7184056239068,12729300,1.3655
2025-02-14,186.6573486328125,187.93589085274974,185.89821895267022,186.6174008565631,12714200,1.1419
2025-02-18,185.58856201171875,187.56630449733623,183.3710871600107,187.226695076443,19796000,1.9082
2025-02-19,186.91705322265625,187.1467872178663,185.2889032654933,185.9731213052312,13120500,0.0615999999999999
2025-02-20,186.4276123046875,186.90706182083724,184.38994042998203,186.28777222741775,12063800,0.1550999999999999
2025-02-21,181.3733673095703,187.25666399411273,180.92388244913036,187.07686090508184,19520800,3.1258
2025-02-24,180.9838104248047,184.87936617572134,180.67416563965807,183.59084088624112,18734000,2.726
2025-02-25,177.16815185546875,180.55429349830055,176.56884378749382,179.94998624296272,20832500,0.954
2025-02-26,174.50119018554688,177.87734865828276,173.3924527442382,176.74364576328153,23637200,1.0951000000000002
2025-02-27,170.0163116455078,176.38904098824568,169.55882503535227,175.73978676984865,25930500,3.5307
2025-02-28,172.02401733398438,172.30369747869378,168.19837398997922,170.1062040953664,30049800,1.7359
2025-03-03,168.46807861328125,174.80086041257175,167.4492350449917,173.5323013294071,24122000,1.0833000000000002
2025-03-04,172.41357421875,174.9656593689528,167.34933645157065,167.74889040520628,30711400,0.8179000000000001
2025-03-05,174.79087829589844,175.55000797862252,170.73548550793336,172.12391841048589,18848000,0.5427
2025-03-06,174.0117645263672,176.52888591983762,172.31169022063378,172.35364986457097,19082400,0.1211999999999999
2025-03-07,175.5500030517578,176.69868829805844,172.05398592128185,173.0448614517929,16395300,2.6274
2025-03-10,167.80999755859375,170.4499969482422,165.56500244140625,170.16000366210938,28990700,1.8251
2025-03-11,165.97999572753906,168.65499877929688,163.24000549316406,166.67999267578125,23705900,1.1902
2025-03-12,169.0,169.52999877929688,165.47999572753906,168.47000122070312,19880100,2.9477
2025-03-13,164.72999572753906,168.1199951171875,164.07000732421875,167.97999572753906,15206200,0.8267
2025-03-14,167.6199951171875,168.25,164.50999450683594,165.31500244140625,18611100,0.2979000000000001
2025-03-17,166.57000732421875,168.4600067138672,165.80999755859375,167.3249969482422,17839100,0.1078999999999999
2025-03-18,162.6699981689453,166.44000244140625,158.8000030517578,165.9600067138672,24616800,1.4155
2025-03-19,166.27999877929688,168.13299560546875,163.0500030517578,163.9149932861328,24955700,2.3038000000000003
2025-03-20,165.0500030517578,167.02999877929688,163.13999938964844,163.8249969482422,19981500,0.6525
2025-03-21,166.25,166.47000122070312,163.02999877929688,163.3800048828125,29882100,2.9486
2025-03-24,169.92999267578125,170.5,167.44000244140625,169.26499938964844,18742800,6.2077
2025-03-25,172.7899932861328,172.91000366210938,170.5500030517578,171.17999267578125,13841600,5.477
2025-03-26,167.13999938964844,171.94000244140625,166.86099243164062,171.3000030517578,22498000,0.0
2025-03-27,164.0800018310547,167.44000244140625,163.85000610351562,166.7100067138672,21571200,0.0
2025-03-28,156.05999755859375,163.80999755859375,155.33900451660156,162.36000061035156,34866500,0.0
2025-03-31,156.22999572753906,157.1300048828125,152.2100067138672,154.80999755859375,33591600,0.7825
2025-04-01,158.8800048828125,160.0800018310547,155.2550048828125,155.3000030517578,20111400,0.7768999999999999
2025-04-02,158.86000061035156,160.27499389648438,156.52999877929688,156.9600067138672,17113300,3.8908
2025-04-03,152.6300048828125,154.68699645996094,152.17999267578125,152.8350067138672,28416100,-0.2687000000000001
2025-04-04,147.74000549316406,153.08999633789062,147.5399932861328,149.89999389648438,39832200,2.9415
2025-04-07,149.24000549316406,154.92999267578125,142.66000366210938,143.38999938964844,47823000,0.0793999999999999
2025-04-08,146.5800018310547,154.44000244140625,145.2100067138672,153.5749969482422,35304400,1.3771
2025-04-09,161.05999755859375,161.8699951171875,145.80999755859375,146.3300018310547,46479500,1.5593
2025-04-10,155.3699951171875,160.02999877929688,152.1999969482422,158.75999450683594,35270500,0.0
2025-04-11,159.39999389648438,159.86000061035156,155.5850067138672,155.5850067138672,22582000,0.0
2025-04-14,161.47000122070312,164.02999877929688,159.9199981689453,162.30999755859375,18255900,0.0
2025-04-15,158.67999267578125,162.0500030517578,157.64500427246094,161.57000732421875,15690800,0.0
2025-04-16,155.5,158.17999267578125,153.91000366210938,155.47000122070312,16921500,0.0
2025-04-17,153.36000061035156,157.07000732421875,150.89999389648438,156.61000061035156,19513400,0.0
2025-04-21,149.86000061035156,151.05999755859375,148.39999389648438,150.96499633789062,16147800,0.0
2025-04-22,153.89999389648438,154.61000061035156,150.8699951171875,151.07000732421875,15910300,0.0
2025-04-23,157.72000122070312,160.02000427246094,156.35000610351562,157.91000366210938,18575700,0.0
2025-04-24,161.47000122070312,161.7100067138672,158.08999633789062,158.52499389648438,30787500,0.0
2025-04-25,163.85000610351562,168.24000549316406,163.0,167.10000610351562,35148100,0.0
2025-04-28,162.4199981689453,164.9499969482422,160.3800048828125,164.25999450683594,20871200,0.0
2025-04-29,162.05999755859375,162.67999267578125,159.38999938964844,162.0449981689453,15955200,0.0
2025-04-30,160.88999938964844,161.37399291992188,157.15499877929688,159.86000061035156,20639500,0.0
2025-05-01,162.7899932861328,163.94000244140625,160.92999267578125,162.52000427246094,21904300,0.5667
2025-05-02,165.80999755859375,166.6999969482422,163.66000366210938,164.9550018310547,16844900,1.6346999999999998
2025-05-05,166.0500030517578,167.10000610351562,164.47000122070312,164.51499938964844,15309300,0.4429
2025-05-06,165.1999969482422,166.74000549316406,163.1300048828125,163.9600067138672,10691900,5.1231
2025-05-07,152.8000030517578,166.99000549316406,149.49000549316406,166.07000732421875,78729800,3.8036
2025-05-08,155.75,157.41000366210938,154.10000610351562,155.9199981689453,38387500,0.7981
2025-05-09,154.3800048828125,156.42999267578125,153.8300018310547,155.5500030517578,22871000,5.1615
2025-05-12,159.5800018310547,160.44000244140625,157.88999938964844,159.10000610351562,31884900,3.6364
2025-05-13,160.88999938964844,162.05999755859375,157.5800018310547,159.9199981689453,24944300,0.0969
2025-05-14,166.80999755859375,168.33999633789062,160.92999267578125,161.30999755859375,31769200,4.5993
,GOOG,GOOG,GOOG,GOOG,GOOG,0.0
